transformer_id,timestamp,frequency_hz,magnitude_db,phase_deg,winding,label
TX-1,2026-07-08T11:30:00Z,10.0,-17.905304,8.154918,HV,insulation_related_abnormality_suspected
TX-1,2026-07-08T11:30:00Z,10.227859,-18.356907,8.217823,HV,insulation_related_abnormality_suspected
TX-1,2026-07-08T11:30:00Z,10.46091,-18.350449,8.70348,HV,insulation_related_abnormality_suspected
TX-1,2026-07-08T11:30:00Z,10.699271,-18.595796,8.656495,HV,insulation_related_abnormality_suspected
TX-1,2026-07-08T11:30:00Z,10.943064,-19.314639,8.91285,HV,insulation_related_abnormality_suspected
TX-1,2026-07-08T11:30:00Z,11.192412,-19.513068,8.491268,HV,insulation_related_abnormality_suspected
TX-1,2026-07-08T11:30:00Z,11.447441,-19.604338,9.239864,HV,insulation_related_abnormality_suspected
TX-1,2026-07-08T11:30:00Z,11.708281,-19.98604,9.63827,HV,insulation_related_abnormality_suspected
TX-1,2026-07-08T11:30:00Z,11.975065,-20.264784,8.695249,HV,insulation_related_abnormality_suspected
TX-1,2026-07-08T11:30:00Z,12.247928,-20.721655,8.814331,HV,insulation_related_abnormality_suspected
TX-1,2026-07-08T11:30:00Z,12.527008,-20.800162,9.778154,HV,insulation_related_abnormality_suspected
TX-1,2026-07-08T11:30:00Z,12.812447,-21.159843,9.228931,HV,insulation_related_abnormality_suspected
TX-1,2026-07-08T11:30:00Z,13.104391,-21.616208,9.914709,HV,insulation_related_abnormality_suspected
TX-1,2026-07-08T11:30:00Z,13.402986,-21.81086,9.208876,HV,insulation_related_abnormality_suspected
TX-1,2026-07-08T11:30:00Z,13.708385,-22.266936,9.984563,HV,insulation_related_abnormality_suspected
TX-1,2026-07-08T11:30:00Z,14.020743,-22.825391,9.454718,HV,insulation_related_abnormality_suspected
TX-1,2026-07-08T11:30:00Z,14.340219,-23.001966,9.486938,HV,insulation_related_abnormality_suspected
TX-1,2026-07-08T11:30:00Z,14.666974,-23.562265,9.972059,HV,insulation_related_abnormality_suspected
TX-1,2026-07-08T11:30:00Z,15.001174,-23.647222,9.144099,HV,insulation_related_abnormality_suspected
TX-1,2026-07-08T11:30:00Z,15.342989,-24.145478,8.834258,HV,insulation_related_abnormality_suspected
TX-1,2026-07-08T11:30:00Z,15.692593,-24.522215,8.93165,HV,insulation_related_abnormality_suspected
TX-1,2026-07-08T11:30:00Z,16.050163,-24.949697,9.170107,HV,insulation_related_abnormality_suspected
TX-1,2026-07-08T11:30:00Z,16.415881,-25.012926,8.218015,HV,insulation_related_abnormality_suspected
TX-1,2026-07-08T11:30:00Z,16.789931,-25.563053,8.930875,HV,insulation_related_abnormality_suspected
TX-1,2026-07-08T11:30:00Z,17.172505,-25.941679,8.26781,HV,insulation_related_abnormality_suspected
TX-1,2026-07-08T11:30:00Z,17.563796,-26.261014,8.72524,HV,insulation_related_abnormality_suspected
TX-1,2026-07-08T11:30:00Z,17.964004,-26.451586,7.066142,HV,insulation_related_abnormality_suspected
TX-1,2026-07-08T11:30:00Z,18.37333,-26.791644,7.441522,HV,insulation_related_abnormality_suspected
TX-1,2026-07-08T11:30:00Z,18.791983,-27.090745,6.788139,HV,insulation_related_abnormality_suspected
TX-1,2026-07-08T11:30:00Z,19.220175,-27.384825,6.812865,HV,insulation_related_abnormality_suspected
TX-1,2026-07-08T11:30:00Z,19.658124,-27.415089,6.896952,HV,insulation_related_abnormality_suspected
TX-1,2026-07-08T11:30:00Z,20.106052,-28.073847,6.354543,HV,insulation_related_abnormality_suspected
TX-1,2026-07-08T11:30:00Z,20.564187,-28.35556,5.92704,HV,insulation_related_abnormality_suspected
TX-1,2026-07-08T11:30:00Z,21.032761,-28.655623,5.540749,HV,insulation_related_abnormality_suspected
TX-1,2026-07-08T11:30:00Z,21.512011,-28.684764,5.235821,HV,insulation_related_abnormality_suspected
TX-1,2026-07-08T11:30:00Z,22.002182,-28.840038,4.275314,HV,insulation_related_abnormality_suspected
TX-1,2026-07-08T11:30:00Z,22.503522,-29.247241,4.460234,HV,insulation_related_abnormality_suspected
TX-1,2026-07-08T11:30:00Z,23.016285,-29.565477,3.916181,HV,insulation_related_abnormality_suspected
TX-1,2026-07-08T11:30:00Z,23.540732,-29.761042,3.254027,HV,insulation_related_abnormality_suspected
TX-1,2026-07-08T11:30:00Z,24.077129,-29.726455,2.747293,HV,insulation_related_abnormality_suspected
TX-1,2026-07-08T11:30:00Z,24.625748,-29.888205,2.044243,HV,insulation_related_abnormality_suspected
TX-1,2026-07-08T11:30:00Z,25.186868,-30.083131,2.117657,HV,insulation_related_abnormality_suspected
TX-1,2026-07-08T11:30:00Z,25.760774,-30.41896,0.624387,HV,insulation_related_abnormality_suspected
TX-1,2026-07-08T11:30:00Z,26.347756,-30.428881,-0.129616,HV,insulation_related_abnormality_suspected
TX-1,2026-07-08T11:30:00Z,26.948114,-30.581298,-0.994993,HV,insulation_related_abnormality_suspected
TX-1,2026-07-08T11:30:00Z,27.562151,-30.692163,-1.813211,HV,insulation_related_abnormality_suspected
TX-1,2026-07-08T11:30:00Z,28.19018,-30.712085,-2.623821,HV,insulation_related_abnormality_suspected
TX-1,2026-07-08T11:30:00Z,28.832519,-30.919413,-3.225304,HV,insulation_related_abnormality_suspected
TX-1,2026-07-08T11:30:00Z,29.489494,-30.954284,-3.658815,HV,insulation_related_abnormality_suspected
TX-1,2026-07-08T11:30:00Z,30.161439,-31.14291,-4.27352,HV,insulation_related_abnormality_suspected
TX-1,2026-07-08T11:30:00Z,30.848695,-31.201136,-5.178304,HV,insulation_related_abnormality_suspected
TX-1,2026-07-08T11:30:00Z,31.55161,-31.236609,-6.310178,HV,insulation_related_abnormality_suspected
TX-1,2026-07-08T11:30:00Z,32.270542,-31.632849,-6.461592,HV,insulation_related_abnormality_suspected
TX-1,2026-07-08T11:30:00Z,33.005856,-31.542229,-7.354886,HV,insulation_related_abnormality_suspected
TX-1,2026-07-08T11:30:00Z,33.757924,-31.642737,-8.553541,HV,insulation_related_abnormality_suspected
TX-1,2026-07-08T11:30:00Z,34.527129,-31.744693,-9.598661,HV,insulation_related_abnormality_suspected
TX-1,2026-07-08T11:30:00Z,35.313861,-31.766473,-9.973436,HV,insulation_related_abnormality_suspected
TX-1,2026-07-08T11:30:00Z,36.11852,-31.577838,-10.979133,HV,insulation_related_abnormality_suspected
TX-1,2026-07-08T11:30:00Z,36.941513,-32.010239,-12.499985,HV,insulation_related_abnormality_suspected
TX-1,2026-07-08T11:30:00Z,37.783259,-31.815669,-12.817919,HV,insulation_related_abnormality_suspected
TX-1,2026-07-08T11:30:00Z,38.644185,-32.296984,-13.558172,HV,insulation_related_abnormality_suspected
TX-1,2026-07-08T11:30:00Z,39.524728,-32.182333,-14.896074,HV,insulation_related_abnormality_suspected
TX-1,2026-07-08T11:30:00Z,40.425334,-32.199914,-15.333112,HV,insulation_related_abnormality_suspected
TX-1,2026-07-08T11:30:00Z,41.346462,-32.23404,-16.862177,HV,insulation_related_abnormality_suspected
TX-1,2026-07-08T11:30:00Z,42.288579,-32.319051,-16.614034,HV,insulation_related_abnormality_suspected
TX-1,2026-07-08T11:30:00Z,43.252163,-32.417261,-17.513386,HV,insulation_related_abnormality_suspected
TX-1,2026-07-08T11:30:00Z,44.237702,-32.706467,-18.972185,HV,insulation_related_abnormality_suspected
TX-1,2026-07-08T11:30:00Z,45.245699,-32.849316,-19.577747,HV,insulation_related_abnormality_suspected
TX-1,2026-07-08T11:30:00Z,46.276663,-32.785467,-21.531202,HV,insulation_related_abnormality_suspected
TX-1,2026-07-08T11:30:00Z,47.331119,-33.085877,-21.864879,HV,insulation_related_abnormality_suspected
TX-1,2026-07-08T11:30:00Z,48.409601,-33.400727,-22.344846,HV,insulation_related_abnormality_suspected
TX-1,2026-07-08T11:30:00Z,49.512658,-33.541026,-23.469997,HV,insulation_related_abnormality_suspected
TX-1,2026-07-08T11:30:00Z,50.640849,-33.680293,-23.556984,HV,insulation_related_abnormality_suspected
TX-1,2026-07-08T11:30:00Z,51.794747,-33.648976,-23.832229,HV,insulation_related_abnormality_suspected
TX-1,2026-07-08T11:30:00Z,52.974937,-33.893268,-25.876077,HV,insulation_related_abnormality_suspected
TX-1,2026-07-08T11:30:00Z,54.182019,-34.012051,-26.499702,HV,insulation_related_abnormality_suspected
TX-1,2026-07-08T11:30:00Z,55.416606,-34.390541,-26.814006,HV,insulation_related_abnormality_suspected
TX-1,2026-07-08T11:30:00Z,56.679323,-34.523193,-26.990629,HV,insulation_related_abnormality_suspected
TX-1,2026-07-08T11:30:00Z,57.970813,-34.683132,-28.833637,HV,insulation_related_abnormality_suspected
TX-1,2026-07-08T11:30:00Z,59.291731,-35.062553,-28.93677,HV,insulation_related_abnormality_suspected
TX-1,2026-07-08T11:30:00Z,60.642747,-35.195641,-28.981076,HV,insulation_related_abnormality_suspected
TX-1,2026-07-08T11:30:00Z,62.024547,-35.619851,-31.024518,HV,insulation_related_abnormality_suspected
TX-1,2026-07-08T11:30:00Z,63.437833,-35.839332,-31.511031,HV,insulation_related_abnormality_suspected
TX-1,2026-07-08T11:30:00Z,64.883321,-36.113799,-31.783037,HV,insulation_related_abnormality_suspected
TX-1,2026-07-08T11:30:00Z,66.361747,-36.514318,-32.416724,HV,insulation_related_abnormality_suspected
TX-1,2026-07-08T11:30:00Z,67.873859,-36.546373,-32.458018,HV,insulation_related_abnormality_suspected
TX-1,2026-07-08T11:30:00Z,69.420427,-36.979659,-33.240483,HV,insulation_related_abnormality_suspected
TX-1,2026-07-08T11:30:00Z,71.002234,-37.201793,-34.580652,HV,insulation_related_abnormality_suspected
TX-1,2026-07-08T11:30:00Z,72.620085,-37.429757,-34.177442,HV,insulation_related_abnormality_suspected
TX-1,2026-07-08T11:30:00Z,74.274799,-37.73603,-35.107034,HV,insulation_related_abnormality_suspected
TX-1,2026-07-08T11:30:00Z,75.967218,-38.006409,-34.838253,HV,insulation_related_abnormality_suspected
TX-1,2026-07-08T11:30:00Z,77.6982,-38.425362,-36.050875,HV,insulation_related_abnormality_suspected
TX-1,2026-07-08T11:30:00Z,79.468624,-38.778704,-36.486355,HV,insulation_related_abnormality_suspected
TX-1,2026-07-08T11:30:00Z,81.279389,-39.031098,-36.427516,HV,insulation_related_abnormality_suspected
TX-1,2026-07-08T11:30:00Z,83.131414,-39.574543,-36.731846,HV,insulation_related_abnormality_suspected
TX-1,2026-07-08T11:30:00Z,85.025639,-39.838238,-37.232073,HV,insulation_related_abnormality_suspected
TX-1,2026-07-08T11:30:00Z,86.963025,-40.115789,-38.441619,HV,insulation_related_abnormality_suspected
TX-1,2026-07-08T11:30:00Z,88.944556,-40.358737,-37.890586,HV,insulation_related_abnormality_suspected
TX-1,2026-07-08T11:30:00Z,90.971239,-40.435589,-38.840936,HV,insulation_related_abnormality_suspected
TX-1,2026-07-08T11:30:00Z,93.044101,-40.911525,-38.638203,HV,insulation_related_abnormality_suspected
TX-1,2026-07-08T11:30:00Z,95.164196,-41.105451,-39.591342,HV,insulation_related_abnormality_suspected
TX-1,2026-07-08T11:30:00Z,97.332598,-41.118908,-39.118083,HV,insulation_related_abnormality_suspected
TX-1,2026-07-08T11:30:00Z,99.55041,-41.623542,-39.880087,HV,insulation_related_abnormality_suspected
TX-1,2026-07-08T11:30:00Z,101.818756,-41.706275,-40.318293,HV,insulation_related_abnormality_suspected
TX-1,2026-07-08T11:30:00Z,104.138789,-42.19353,-39.755383,HV,insulation_related_abnormality_suspected
TX-1,2026-07-08T11:30:00Z,106.511686,-42.310017,-40.168764,HV,insulation_related_abnormality_suspected
TX-1,2026-07-08T11:30:00Z,108.938652,-42.635953,-40.725356,HV,insulation_related_abnormality_suspected
TX-1,2026-07-08T11:30:00Z,111.420918,-42.746548,-40.10449,HV,insulation_related_abnormality_suspected
TX-1,2026-07-08T11:30:00Z,113.959745,-42.759412,-41.058317,HV,insulation_related_abnormality_suspected
TX-1,2026-07-08T11:30:00Z,116.556421,-43.321438,-41.059272,HV,insulation_related_abnormality_suspected
TX-1,2026-07-08T11:30:00Z,119.212265,-43.160836,-41.148655,HV,insulation_related_abnormality_suspected
TX-1,2026-07-08T11:30:00Z,121.928625,-43.340511,-41.683335,HV,insulation_related_abnormality_suspected
TX-1,2026-07-08T11:30:00Z,124.706879,-43.601786,-41.422508,HV,insulation_related_abnormality_suspected
TX-1,2026-07-08T11:30:00Z,127.548439,-43.852267,-41.997193,HV,insulation_related_abnormality_suspected
TX-1,2026-07-08T11:30:00Z,130.454746,-43.733394,-42.119779,HV,insulation_related_abnormality_suspected
TX-1,2026-07-08T11:30:00Z,133.427276,-43.918685,-41.580946,HV,insulation_related_abnormality_suspected
TX-1,2026-07-08T11:30:00Z,136.467537,-43.885709,-42.71378,HV,insulation_related_abnormality_suspected
TX-1,2026-07-08T11:30:00Z,139.577074,-43.985168,-43.43595,HV,insulation_related_abnormality_suspected
TX-1,2026-07-08T11:30:00Z,142.757464,-43.802756,-42.002572,HV,insulation_related_abnormality_suspected
TX-1,2026-07-08T11:30:00Z,146.010323,-44.120576,-41.807188,HV,insulation_related_abnormality_suspected
TX-1,2026-07-08T11:30:00Z,149.337301,-44.267318,-43.173888,HV,insulation_related_abnormality_suspected
TX-1,2026-07-08T11:30:00Z,152.740087,-44.10396,-43.977259,HV,insulation_related_abnormality_suspected
TX-1,2026-07-08T11:30:00Z,156.220408,-44.103381,-43.524309,HV,insulation_related_abnormality_suspected
TX-1,2026-07-08T11:30:00Z,159.780032,-43.927093,-43.719971,HV,insulation_related_abnormality_suspected
TX-1,2026-07-08T11:30:00Z,163.420766,-43.990009,-43.895482,HV,insulation_related_abnormality_suspected
TX-1,2026-07-08T11:30:00Z,167.144456,-44.036467,-44.48841,HV,insulation_related_abnormality_suspected
TX-1,2026-07-08T11:30:00Z,170.952994,-43.836395,-44.045084,HV,insulation_related_abnormality_suspected
TX-1,2026-07-08T11:30:00Z,174.848314,-44.192066,-44.312023,HV,insulation_related_abnormality_suspected
TX-1,2026-07-08T11:30:00Z,178.832391,-44.060381,-45.376271,HV,insulation_related_abnormality_suspected
TX-1,2026-07-08T11:30:00Z,182.90725,-44.047747,-44.767924,HV,insulation_related_abnormality_suspected
TX-1,2026-07-08T11:30:00Z,187.074958,-43.906151,-44.508624,HV,insulation_related_abnormality_suspected
TX-1,2026-07-08T11:30:00Z,191.33763,-43.988599,-45.556539,HV,insulation_related_abnormality_suspected
TX-1,2026-07-08T11:30:00Z,195.697432,-43.617679,-46.069878,HV,insulation_related_abnormality_suspected
TX-1,2026-07-08T11:30:00Z,200.156576,-43.67453,-46.315779,HV,insulation_related_abnormality_suspected
TX-1,2026-07-08T11:30:00Z,204.717325,-43.788409,-46.351652,HV,insulation_related_abnormality_suspected
TX-1,2026-07-08T11:30:00Z,209.381996,-43.646018,-47.643821,HV,insulation_related_abnormality_suspected
TX-1,2026-07-08T11:30:00Z,214.152955,-43.372799,-47.254823,HV,insulation_related_abnormality_suspected
TX-1,2026-07-08T11:30:00Z,219.032624,-43.22144,-47.861158,HV,insulation_related_abnormality_suspected
TX-1,2026-07-08T11:30:00Z,224.023481,-42.977088,-47.365674,HV,insulation_related_abnormality_suspected
TX-1,2026-07-08T11:30:00Z,229.12806,-42.771957,-48.589742,HV,insulation_related_abnormality_suspected
TX-1,2026-07-08T11:30:00Z,234.348951,-43.083179,-48.283557,HV,insulation_related_abnormality_suspected
TX-1,2026-07-08T11:30:00Z,239.688805,-43.234769,-49.838077,HV,insulation_related_abnormality_suspected
TX-1,2026-07-08T11:30:00Z,245.150332,-43.352626,-49.622568,HV,insulation_related_abnormality_suspected
TX-1,2026-07-08T11:30:00Z,250.736305,-42.945371,-50.20535,HV,insulation_related_abnormality_suspected
TX-1,2026-07-08T11:30:00Z,256.449559,-43.0671,-51.170769,HV,insulation_related_abnormality_suspected
TX-1,2026-07-08T11:30:00Z,262.292995,-42.974656,-51.256221,HV,insulation_related_abnormality_suspected
TX-1,2026-07-08T11:30:00Z,268.26958,-42.979506,-51.359716,HV,insulation_related_abnormality_suspected
TX-1,2026-07-08T11:30:00Z,274.382346,-42.892816,-52.504756,HV,insulation_related_abnormality_suspected
TX-1,2026-07-08T11:30:00Z,280.634397,-42.70493,-53.594908,HV,insulation_related_abnormality_suspected
TX-1,2026-07-08T11:30:00Z,287.028906,-42.843914,-53.479737,HV,insulation_related_abnormality_suspected
TX-1,2026-07-08T11:30:00Z,293.569121,-42.903746,-54.399251,HV,insulation_related_abnormality_suspected
TX-1,2026-07-08T11:30:00Z,300.25836,-43.057861,-54.750991,HV,insulation_related_abnormality_suspected
TX-1,2026-07-08T11:30:00Z,307.100019,-43.186539,-55.231831,HV,insulation_related_abnormality_suspected
TX-1,2026-07-08T11:30:00Z,314.097572,-43.05147,-56.475084,HV,insulation_related_abnormality_suspected
TX-1,2026-07-08T11:30:00Z,321.25457,-43.040171,-57.040266,HV,insulation_related_abnormality_suspected
TX-1,2026-07-08T11:30:00Z,328.574648,-42.830844,-56.80893,HV,insulation_related_abnormality_suspected
TX-1,2026-07-08T11:30:00Z,336.061519,-43.150653,-57.824152,HV,insulation_related_abnormality_suspected
TX-1,2026-07-08T11:30:00Z,343.718986,-43.106985,-59.258765,HV,insulation_related_abnormality_suspected
TX-1,2026-07-08T11:30:00Z,351.550936,-43.423273,-58.540131,HV,insulation_related_abnormality_suspected
TX-1,2026-07-08T11:30:00Z,359.561343,-43.629554,-59.368594,HV,insulation_related_abnormality_suspected
TX-1,2026-07-08T11:30:00Z,367.754275,-43.70907,-60.38768,HV,insulation_related_abnormality_suspected
TX-1,2026-07-08T11:30:00Z,376.13389,-43.794171,-61.253383,HV,insulation_related_abnormality_suspected
TX-1,2026-07-08T11:30:00Z,384.704443,-43.495279,-61.01558,HV,insulation_related_abnormality_suspected
TX-1,2026-07-08T11:30:00Z,393.470283,-44.074418,-61.830926,HV,insulation_related_abnormality_suspected
TX-1,2026-07-08T11:30:00Z,402.435861,-43.968969,-61.634667,HV,insulation_related_abnormality_suspected
TX-1,2026-07-08T11:30:00Z,411.605727,-44.379907,-63.031709,HV,insulation_related_abnormality_suspected
TX-1,2026-07-08T11:30:00Z,420.984538,-44.259929,-63.650567,HV,insulation_related_abnormality_suspected
TX-1,2026-07-08T11:30:00Z,430.577053,-44.501831,-64.470824,HV,insulation_related_abnormality_suspected
TX-1,2026-07-08T11:30:00Z,440.388142,-44.746897,-64.667041,HV,insulation_related_abnormality_suspected
TX-1,2026-07-08T11:30:00Z,450.422786,-44.896439,-65.323472,HV,insulation_related_abnormality_suspected
TX-1,2026-07-08T11:30:00Z,460.686078,-45.157718,-65.641404,HV,insulation_related_abnormality_suspected
TX-1,2026-07-08T11:30:00Z,471.183229,-45.163155,-66.906833,HV,insulation_related_abnormality_suspected
TX-1,2026-07-08T11:30:00Z,481.919567,-45.469398,-67.415111,HV,insulation_related_abnormality_suspected
TX-1,2026-07-08T11:30:00Z,492.900542,-45.755716,-67.960505,HV,insulation_related_abnormality_suspected
TX-1,2026-07-08T11:30:00Z,504.131728,-45.933055,-67.964594,HV,insulation_related_abnormality_suspected
TX-1,2026-07-08T11:30:00Z,515.618828,-45.882859,-68.176652,HV,insulation_related_abnormality_suspected
TX-1,2026-07-08T11:30:00Z,527.367671,-45.836304,-69.436596,HV,insulation_related_abnormality_suspected
TX-1,2026-07-08T11:30:00Z,539.384222,-46.209787,-69.880977,HV,insulation_related_abnormality_suspected
TX-1,2026-07-08T11:30:00Z,551.674582,-46.407584,-70.023415,HV,insulation_related_abnormality_suspected
TX-1,2026-07-08T11:30:00Z,564.244988,-46.497515,-70.664374,HV,insulation_related_abnormality_suspected
TX-1,2026-07-08T11:30:00Z,577.101823,-46.488938,-70.580438,HV,insulation_related_abnormality_suspected
TX-1,2026-07-08T11:30:00Z,590.251612,-46.789521,-72.234509,HV,insulation_related_abnormality_suspected
TX-1,2026-07-08T11:30:00Z,603.701031,-47.014132,-72.013604,HV,insulation_related_abnormality_suspected
TX-1,2026-07-08T11:30:00Z,617.456908,-46.908475,-72.320898,HV,insulation_related_abnormality_suspected
TX-1,2026-07-08T11:30:00Z,631.526224,-47.12333,-73.236333,HV,insulation_related_abnormality_suspected
TX-1,2026-07-08T11:30:00Z,645.916123,-47.061302,-72.968585,HV,insulation_related_abnormality_suspected
TX-1,2026-07-08T11:30:00Z,660.633909,-47.358558,-73.198308,HV,insulation_related_abnormality_suspected
TX-1,2026-07-08T11:30:00Z,675.687052,-47.65407,-73.135548,HV,insulation_related_abnormality_suspected
TX-1,2026-07-08T11:30:00Z,691.083195,-47.749648,-72.806162,HV,insulation_related_abnormality_suspected
TX-1,2026-07-08T11:30:00Z,706.830154,-47.360237,-73.518708,HV,insulation_related_abnormality_suspected
TX-1,2026-07-08T11:30:00Z,722.935921,-47.402039,-73.975217,HV,insulation_related_abnormality_suspected
TX-1,2026-07-08T11:30:00Z,739.408673,-47.729393,-73.700609,HV,insulation_related_abnormality_suspected
TX-1,2026-07-08T11:30:00Z,756.256771,-47.790961,-73.345746,HV,insulation_related_abnormality_suspected
TX-1,2026-07-08T11:30:00Z,773.488768,-47.534477,-74.216037,HV,insulation_related_abnormality_suspected
TX-1,2026-07-08T11:30:00Z,791.113412,-47.92928,-74.222841,HV,insulation_related_abnormality_suspected
TX-1,2026-07-08T11:30:00Z,809.13965,-47.896481,-73.641005,HV,insulation_related_abnormality_suspected
TX-1,2026-07-08T11:30:00Z,827.576632,-47.654611,-73.931916,HV,insulation_related_abnormality_suspected
TX-1,2026-07-08T11:30:00Z,846.433717,-47.789273,-73.536521,HV,insulation_related_abnormality_suspected
TX-1,2026-07-08T11:30:00Z,865.720478,-47.700369,-73.726864,HV,insulation_related_abnormality_suspected
TX-1,2026-07-08T11:30:00Z,885.446706,-47.68466,-73.34071,HV,insulation_related_abnormality_suspected
TX-1,2026-07-08T11:30:00Z,905.622413,-47.561618,-73.909922,HV,insulation_related_abnormality_suspected
TX-1,2026-07-08T11:30:00Z,926.257843,-47.345416,-73.350311,HV,insulation_related_abnormality_suspected
TX-1,2026-07-08T11:30:00Z,947.363469,-47.480067,-73.254995,HV,insulation_related_abnormality_suspected
TX-1,2026-07-08T11:30:00Z,968.950006,-47.327727,-73.458614,HV,insulation_related_abnormality_suspected
TX-1,2026-07-08T11:30:00Z,991.028412,-47.656818,-73.376179,HV,insulation_related_abnormality_suspected
TX-1,2026-07-08T11:30:00Z,1013.609895,-47.276692,-72.23276,HV,insulation_related_abnormality_suspected
TX-1,2026-07-08T11:30:00Z,1036.705917,-47.311925,-72.382254,HV,insulation_related_abnormality_suspected
TX-1,2026-07-08T11:30:00Z,1060.328203,-47.281163,-72.364992,HV,insulation_related_abnormality_suspected
TX-1,2026-07-08T11:30:00Z,1084.488744,-47.140719,-71.689049,HV,insulation_related_abnormality_suspected
TX-1,2026-07-08T11:30:00Z,1109.199805,-46.968457,-70.875106,HV,insulation_related_abnormality_suspected
TX-1,2026-07-08T11:30:00Z,1134.473931,-46.689931,-71.896576,HV,insulation_related_abnormality_suspected
TX-1,2026-07-08T11:30:00Z,1160.32395,-46.93585,-71.22417,HV,insulation_related_abnormality_suspected
TX-1,2026-07-08T11:30:00Z,1186.762985,-46.643436,-70.62025,HV,insulation_related_abnormality_suspected
TX-1,2026-07-08T11:30:00Z,1213.804457,-46.634325,-69.277671,HV,insulation_related_abnormality_suspected
TX-1,2026-07-08T11:30:00Z,1241.462094,-46.528009,-69.346784,HV,insulation_related_abnormality_suspected
TX-1,2026-07-08T11:30:00Z,1269.749936,-46.250039,-68.738393,HV,insulation_related_abnormality_suspected
TX-1,2026-07-08T11:30:00Z,1298.682342,-46.246695,-69.075947,HV,insulation_related_abnormality_suspected
TX-1,2026-07-08T11:30:00Z,1328.273998,-46.060032,-68.632585,HV,insulation_related_abnormality_suspected
TX-1,2026-07-08T11:30:00Z,1358.539928,-46.224192,-67.562158,HV,insulation_related_abnormality_suspected
TX-1,2026-07-08T11:30:00Z,1389.495494,-46.253767,-67.267431,HV,insulation_related_abnormality_suspected
TX-1,2026-07-08T11:30:00Z,1421.156411,-46.140098,-66.614994,HV,insulation_related_abnormality_suspected
TX-1,2026-07-08T11:30:00Z,1453.538751,-46.036827,-66.448959,HV,insulation_related_abnormality_suspected
TX-1,2026-07-08T11:30:00Z,1486.658952,-46.02364,-65.799061,HV,insulation_related_abnormality_suspected
TX-1,2026-07-08T11:30:00Z,1520.533827,-46.200601,-65.381906,HV,insulation_related_abnormality_suspected
TX-1,2026-07-08T11:30:00Z,1555.180571,-46.023671,-64.668669,HV,insulation_related_abnormality_suspected
TX-1,2026-07-08T11:30:00Z,1590.616773,-46.014326,-64.192754,HV,insulation_related_abnormality_suspected
TX-1,2026-07-08T11:30:00Z,1626.860421,-45.694734,-64.701803,HV,insulation_related_abnormality_suspected
TX-1,2026-07-08T11:30:00Z,1663.929913,-45.827498,-64.494907,HV,insulation_related_abnormality_suspected
TX-1,2026-07-08T11:30:00Z,1701.844068,-46.286883,-62.742595,HV,insulation_related_abnormality_suspected
TX-1,2026-07-08T11:30:00Z,1740.622131,-46.26533,-62.221905,HV,insulation_related_abnormality_suspected
TX-1,2026-07-08T11:30:00Z,1780.283787,-46.518702,-62.666565,HV,insulation_related_abnormality_suspected
TX-1,2026-07-08T11:30:00Z,1820.84917,-46.478494,-62.572341,HV,insulation_related_abnormality_suspected
TX-1,2026-07-08T11:30:00Z,1862.338873,-46.447021,-61.368738,HV,insulation_related_abnormality_suspected
TX-1,2026-07-08T11:30:00Z,1904.773956,-46.431683,-60.626826,HV,insulation_related_abnormality_suspected
TX-1,2026-07-08T11:30:00Z,1948.17596,-46.853726,-59.882726,HV,insulation_related_abnormality_suspected
TX-1,2026-07-08T11:30:00Z,1992.566919,-46.987699,-60.01048,HV,insulation_related_abnormality_suspected
TX-1,2026-07-08T11:30:00Z,2037.969366,-47.370025,-59.994299,HV,insulation_related_abnormality_suspected
TX-1,2026-07-08T11:30:00Z,2084.40635,-47.243491,-59.845507,HV,insulation_related_abnormality_suspected
TX-1,2026-07-08T11:30:00Z,2131.901442,-47.56201,-59.140897,HV,insulation_related_abnormality_suspected
TX-1,2026-07-08T11:30:00Z,2180.478753,-47.677544,-58.937435,HV,insulation_related_abnormality_suspected
TX-1,2026-07-08T11:30:00Z,2230.162942,-47.936527,-58.91139,HV,insulation_related_abnormality_suspected
TX-1,2026-07-08T11:30:00Z,2280.97923,-48.0368,-57.389132,HV,insulation_related_abnormality_suspected
TX-1,2026-07-08T11:30:00Z,2332.953414,-48.514126,-57.213641,HV,insulation_related_abnormality_suspected
TX-1,2026-07-08T11:30:00Z,2386.111876,-48.707773,-57.208244,HV,insulation_related_abnormality_suspected
TX-1,2026-07-08T11:30:00Z,2440.481603,-48.414273,-57.781842,HV,insulation_related_abnormality_suspected
TX-1,2026-07-08T11:30:00Z,2496.090193,-49.180622,-56.838151,HV,insulation_related_abnormality_suspected
TX-1,2026-07-08T11:30:00Z,2552.965875,-49.412956,-56.706663,HV,insulation_related_abnormality_suspected
TX-1,2026-07-08T11:30:00Z,2611.137522,-49.240053,-56.58338,HV,insulation_related_abnormality_suspected
TX-1,2026-07-08T11:30:00Z,2670.634662,-49.352322,-56.073747,HV,insulation_related_abnormality_suspected
TX-1,2026-07-08T11:30:00Z,2731.487499,-50.240749,-56.14779,HV,insulation_related_abnormality_suspected
TX-1,2026-07-08T11:30:00Z,2793.726923,-50.400705,-55.949139,HV,insulation_related_abnormality_suspected
TX-1,2026-07-08T11:30:00Z,2857.384528,-50.577287,-55.848243,HV,insulation_related_abnormality_suspected
TX-1,2026-07-08T11:30:00Z,2922.49263,-50.653942,-55.838993,HV,insulation_related_abnormality_suspected
TX-1,2026-07-08T11:30:00Z,2989.084279,-51.346753,-56.575312,HV,insulation_related_abnormality_suspected
TX-1,2026-07-08T11:30:00Z,3057.19328,-51.520832,-55.729067,HV,insulation_related_abnormality_suspected
TX-1,2026-07-08T11:30:00Z,3126.854206,-51.6517,-55.899603,HV,insulation_related_abnormality_suspected
TX-1,2026-07-08T11:30:00Z,3198.102419,-51.985414,-56.117538,HV,insulation_related_abnormality_suspected
TX-1,2026-07-08T11:30:00Z,3270.974088,-52.386602,-54.875152,HV,insulation_related_abnormality_suspected
TX-1,2026-07-08T11:30:00Z,3345.506204,-52.62621,-54.812319,HV,insulation_related_abnormality_suspected
TX-1,2026-07-08T11:30:00Z,3421.736601,-53.083959,-54.930006,HV,insulation_related_abnormality_suspected
TX-1,2026-07-08T11:30:00Z,3499.703978,-53.179937,-55.355105,HV,insulation_related_abnormality_suspected
TX-1,2026-07-08T11:30:00Z,3579.447912,-53.444867,-54.914125,HV,insulation_related_abnormality_suspected
TX-1,2026-07-08T11:30:00Z,3661.008884,-53.624361,-55.460364,HV,insulation_related_abnormality_suspected
TX-1,2026-07-08T11:30:00Z,3744.428297,-53.989764,-55.408384,HV,insulation_related_abnormality_suspected
TX-1,2026-07-08T11:30:00Z,3829.748497,-54.075497,-55.964524,HV,insulation_related_abnormality_suspected
TX-1,2026-07-08T11:30:00Z,3917.012795,-54.226114,-55.41899,HV,insulation_related_abnormality_suspected
TX-1,2026-07-08T11:30:00Z,4006.26549,-54.578143,-55.616877,HV,insulation_related_abnormality_suspected
TX-1,2026-07-08T11:30:00Z,4097.551888,-54.763453,-56.237354,HV,insulation_related_abnormality_suspected
TX-1,2026-07-08T11:30:00Z,4190.91833,-55.014078,-55.823296,HV,insulation_related_abnormality_suspected
TX-1,2026-07-08T11:30:00Z,4286.412211,-55.218773,-55.931543,HV,insulation_related_abnormality_suspected
TX-1,2026-07-08T11:30:00Z,4384.082007,-55.514549,-55.286604,HV,insulation_related_abnormality_suspected
TX-1,2026-07-08T11:30:00Z,4483.977298,-55.53714,-55.761666,HV,insulation_related_abnormality_suspected
TX-1,2026-07-08T11:30:00Z,4586.148793,-55.76832,-56.234613,HV,insulation_related_abnormality_suspected
TX-1,2026-07-08T11:30:00Z,4690.648359,-55.599798,-56.263767,HV,insulation_related_abnormality_suspected
TX-1,2026-07-08T11:30:00Z,4797.529043,-55.828942,-56.47185,HV,insulation_related_abnormality_suspected
TX-1,2026-07-08T11:30:00Z,4906.8451,-56.149632,-56.696813,HV,insulation_related_abnormality_suspected
TX-1,2026-07-08T11:30:00Z,5018.652023,-56.456257,-57.172106,HV,insulation_related_abnormality_suspected
TX-1,2026-07-08T11:30:00Z,5133.006568,-56.635079,-56.917782,HV,insulation_related_abnormality_suspected
TX-1,2026-07-08T11:30:00Z,5249.966785,-56.408562,-57.266019,HV,insulation_related_abnormality_suspected
TX-1,2026-07-08T11:30:00Z,5369.592047,-56.659965,-57.567115,HV,insulation_related_abnormality_suspected
TX-1,2026-07-08T11:30:00Z,5491.943079,-56.733218,-56.948296,HV,insulation_related_abnormality_suspected
TX-1,2026-07-08T11:30:00Z,5617.081991,-57.167153,-57.065725,HV,insulation_related_abnormality_suspected
TX-1,2026-07-08T11:30:00Z,5745.072307,-56.861633,-57.987406,HV,insulation_related_abnormality_suspected
TX-1,2026-07-08T11:30:00Z,5875.978998,-57.023671,-57.350938,HV,insulation_related_abnormality_suspected
TX-1,2026-07-08T11:30:00Z,6009.868517,-57.34607,-56.909253,HV,insulation_related_abnormality_suspected
TX-1,2026-07-08T11:30:00Z,6146.80883,-57.33531,-56.864272,HV,insulation_related_abnormality_suspected
TX-1,2026-07-08T11:30:00Z,6286.869452,-57.308359,-56.831461,HV,insulation_related_abnormality_suspected
TX-1,2026-07-08T11:30:00Z,6430.121484,-57.422519,-57.15259,HV,insulation_related_abnormality_suspected
TX-1,2026-07-08T11:30:00Z,6576.637642,-57.556722,-57.404708,HV,insulation_related_abnormality_suspected
TX-1,2026-07-08T11:30:00Z,6726.492305,-57.611874,-57.371089,HV,insulation_related_abnormality_suspected
TX-1,2026-07-08T11:30:00Z,6879.761542,-57.719472,-56.643869,HV,insulation_related_abnormality_suspected
TX-1,2026-07-08T11:30:00Z,7036.523158,-57.746909,-56.448671,HV,insulation_related_abnormality_suspected
TX-1,2026-07-08T11:30:00Z,7196.85673,-57.640902,-55.880663,HV,insulation_related_abnormality_suspected
TX-1,2026-07-08T11:30:00Z,7360.843648,-58.343083,-55.729871,HV,insulation_related_abnormality_suspected
TX-1,2026-07-08T11:30:00Z,7528.567157,-58.095594,-55.979082,HV,insulation_related_abnormality_suspected
TX-1,2026-07-08T11:30:00Z,7700.112398,-58.141971,-56.165683,HV,insulation_related_abnormality_suspected
TX-1,2026-07-08T11:30:00Z,7875.566453,-58.239678,-55.526681,HV,insulation_related_abnormality_suspected
TX-1,2026-07-08T11:30:00Z,8055.018389,-58.46356,-55.036362,HV,insulation_related_abnormality_suspected
TX-1,2026-07-08T11:30:00Z,8238.5593,-58.803824,-54.925506,HV,insulation_related_abnormality_suspected
TX-1,2026-07-08T11:30:00Z,8426.282357,-58.633245,-54.79841,HV,insulation_related_abnormality_suspected
TX-1,2026-07-08T11:30:00Z,8618.282854,-58.575746,-54.19357,HV,insulation_related_abnormality_suspected
TX-1,2026-07-08T11:30:00Z,8814.658257,-59.22825,-54.232023,HV,insulation_related_abnormality_suspected
TX-1,2026-07-08T11:30:00Z,9015.508253,-59.04342,-54.028434,HV,insulation_related_abnormality_suspected
TX-1,2026-07-08T11:30:00Z,9220.934797,-59.409124,-53.412561,HV,insulation_related_abnormality_suspected
TX-1,2026-07-08T11:30:00Z,9431.042173,-59.568385,-53.472322,HV,insulation_related_abnormality_suspected
TX-1,2026-07-08T11:30:00Z,9645.937035,-59.929349,-53.003037,HV,insulation_related_abnormality_suspected
TX-1,2026-07-08T11:30:00Z,9865.728473,-60.047028,-52.794596,HV,insulation_related_abnormality_suspected
TX-1,2026-07-08T11:30:00Z,10090.528057,-60.040774,-53.175046,HV,insulation_related_abnormality_suspected
TX-1,2026-07-08T11:30:00Z,10320.449905,-60.400965,-52.736373,HV,insulation_related_abnormality_suspected
TX-1,2026-07-08T11:30:00Z,10555.610731,-60.494875,-51.798444,HV,insulation_related_abnormality_suspected
TX-1,2026-07-08T11:30:00Z,10796.129909,-60.858284,-52.667934,HV,insulation_related_abnormality_suspected
TX-1,2026-07-08T11:30:00Z,11042.129536,-61.262987,-52.872998,HV,insulation_related_abnormality_suspected
TX-1,2026-07-08T11:30:00Z,11293.734488,-61.374885,-52.580986,HV,insulation_related_abnormality_suspected
TX-1,2026-07-08T11:30:00Z,11551.072487,-61.89174,-51.613557,HV,insulation_related_abnormality_suspected
TX-1,2026-07-08T11:30:00Z,11814.274166,-62.167737,-51.372803,HV,insulation_related_abnormality_suspected
TX-1,2026-07-08T11:30:00Z,12083.473134,-62.683673,-51.155069,HV,insulation_related_abnormality_suspected
TX-1,2026-07-08T11:30:00Z,12358.806045,-62.988968,-50.300159,HV,insulation_related_abnormality_suspected
TX-1,2026-07-08T11:30:00Z,12640.412667,-63.475373,-51.480344,HV,insulation_related_abnormality_suspected
TX-1,2026-07-08T11:30:00Z,12928.435952,-63.605654,-49.819273,HV,insulation_related_abnormality_suspected
TX-1,2026-07-08T11:30:00Z,13223.022109,-64.325102,-48.855298,HV,insulation_related_abnormality_suspected
TX-1,2026-07-08T11:30:00Z,13524.320679,-64.435557,-49.365305,HV,insulation_related_abnormality_suspected
TX-1,2026-07-08T11:30:00Z,13832.48461,-64.995651,-48.430712,HV,insulation_related_abnormality_suspected
TX-1,2026-07-08T11:30:00Z,14147.670337,-65.214352,-47.875158,HV,insulation_related_abnormality_suspected
TX-1,2026-07-08T11:30:00Z,14470.037856,-65.708445,-47.160278,HV,insulation_related_abnormality_suspected
TX-1,2026-07-08T11:30:00Z,14799.750813,-65.986231,-46.100137,HV,insulation_related_abnormality_suspected
TX-1,2026-07-08T11:30:00Z,15136.976579,-66.594312,-44.512106,HV,insulation_related_abnormality_suspected
TX-1,2026-07-08T11:30:00Z,15481.88634,-67.389786,-43.418377,HV,insulation_related_abnormality_suspected
TX-1,2026-07-08T11:30:00Z,15834.655183,-67.618602,-43.327548,HV,insulation_related_abnormality_suspected
TX-1,2026-07-08T11:30:00Z,16195.462185,-68.242525,-41.455679,HV,insulation_related_abnormality_suspected
TX-1,2026-07-08T11:30:00Z,16564.490502,-68.605259,-41.229689,HV,insulation_related_abnormality_suspected
TX-1,2026-07-08T11:30:00Z,16941.927464,-68.763291,-39.588842,HV,insulation_related_abnormality_suspected
TX-1,2026-07-08T11:30:00Z,17327.964671,-69.357501,-39.413705,HV,insulation_related_abnormality_suspected
TX-1,2026-07-08T11:30:00Z,17722.798086,-70.02086,-38.469582,HV,insulation_related_abnormality_suspected
TX-1,2026-07-08T11:30:00Z,18126.628139,-70.529745,-37.600617,HV,insulation_related_abnormality_suspected
TX-1,2026-07-08T11:30:00Z,18539.659826,-70.832274,-35.797928,HV,insulation_related_abnormality_suspected
TX-1,2026-07-08T11:30:00Z,18962.102816,-71.476093,-36.166488,HV,insulation_related_abnormality_suspected
TX-1,2026-07-08T11:30:00Z,19394.171553,-71.846713,-36.356937,HV,insulation_related_abnormality_suspected
TX-1,2026-07-08T11:30:00Z,19836.085368,-72.146822,-35.39452,HV,insulation_related_abnormality_suspected
TX-1,2026-07-08T11:30:00Z,20288.068591,-72.462222,-35.783879,HV,insulation_related_abnormality_suspected
TX-1,2026-07-08T11:30:00Z,20750.350663,-72.97962,-35.844688,HV,insulation_related_abnormality_suspected
TX-1,2026-07-08T11:30:00Z,21223.166252,-73.842811,-35.446663,HV,insulation_related_abnormality_suspected
TX-1,2026-07-08T11:30:00Z,21706.755373,-73.873709,-36.104838,HV,insulation_related_abnormality_suspected
TX-1,2026-07-08T11:30:00Z,22201.363511,-74.320217,-36.448066,HV,insulation_related_abnormality_suspected
TX-1,2026-07-08T11:30:00Z,22707.241746,-74.67141,-37.115485,HV,insulation_related_abnormality_suspected
TX-1,2026-07-08T11:30:00Z,23224.646875,-74.883806,-37.647066,HV,insulation_related_abnormality_suspected
TX-1,2026-07-08T11:30:00Z,23753.84155,-75.818261,-38.346885,HV,insulation_related_abnormality_suspected
TX-1,2026-07-08T11:30:00Z,24295.094407,-75.969353,-40.073392,HV,insulation_related_abnormality_suspected
TX-1,2026-07-08T11:30:00Z,24848.680201,-76.152989,-39.829596,HV,insulation_related_abnormality_suspected
TX-1,2026-07-08T11:30:00Z,25414.879951,-76.828539,-41.270166,HV,insulation_related_abnormality_suspected
TX-1,2026-07-08T11:30:00Z,25993.981076,-76.708102,-42.185955,HV,insulation_related_abnormality_suspected
TX-1,2026-07-08T11:30:00Z,26586.277547,-77.200805,-42.282256,HV,insulation_related_abnormality_suspected
TX-1,2026-07-08T11:30:00Z,27192.07003,-77.443924,-42.762811,HV,insulation_related_abnormality_suspected
TX-1,2026-07-08T11:30:00Z,27811.666046,-77.959682,-43.471542,HV,insulation_related_abnormality_suspected
TX-1,2026-07-08T11:30:00Z,28445.38012,-78.043436,-43.096536,HV,insulation_related_abnormality_suspected
TX-1,2026-07-08T11:30:00Z,29093.533944,-78.285144,-44.019934,HV,insulation_related_abnormality_suspected
TX-1,2026-07-08T11:30:00Z,29756.456542,-78.679039,-43.507828,HV,insulation_related_abnormality_suspected
TX-1,2026-07-08T11:30:00Z,30434.484434,-78.936262,-43.244515,HV,insulation_related_abnormality_suspected
TX-1,2026-07-08T11:30:00Z,31127.961807,-79.17753,-42.501518,HV,insulation_related_abnormality_suspected
TX-1,2026-07-08T11:30:00Z,31837.240692,-79.583827,-41.661614,HV,insulation_related_abnormality_suspected
TX-1,2026-07-08T11:30:00Z,32562.681141,-79.702711,-41.303565,HV,insulation_related_abnormality_suspected
TX-1,2026-07-08T11:30:00Z,33304.651409,-79.920215,-39.601455,HV,insulation_related_abnormality_suspected
TX-1,2026-07-08T11:30:00Z,34063.528143,-80.047613,-38.753682,HV,insulation_related_abnormality_suspected
TX-1,2026-07-08T11:30:00Z,34839.696574,-80.154544,-38.359764,HV,insulation_related_abnormality_suspected
TX-1,2026-07-08T11:30:00Z,35633.550707,-80.654925,-37.191144,HV,insulation_related_abnormality_suspected
TX-1,2026-07-08T11:30:00Z,36445.493528,-80.699412,-35.2456,HV,insulation_related_abnormality_suspected
TX-1,2026-07-08T11:30:00Z,37275.937203,-80.63654,-34.239681,HV,insulation_related_abnormality_suspected
TX-1,2026-07-08T11:30:00Z,38125.303292,-81.142692,-33.230412,HV,insulation_related_abnormality_suspected
TX-1,2026-07-08T11:30:00Z,38994.022959,-81.321925,-32.412849,HV,insulation_related_abnormality_suspected
TX-1,2026-07-08T11:30:00Z,39882.537192,-81.331473,-31.743098,HV,insulation_related_abnormality_suspected
TX-1,2026-07-08T11:30:00Z,40791.297029,-81.394958,-31.143904,HV,insulation_related_abnormality_suspected
TX-1,2026-07-08T11:30:00Z,41720.763785,-81.677041,-31.947072,HV,insulation_related_abnormality_suspected
TX-1,2026-07-08T11:30:00Z,42671.409285,-81.634668,-32.264888,HV,insulation_related_abnormality_suspected
TX-1,2026-07-08T11:30:00Z,43643.716106,-81.85964,-32.855071,HV,insulation_related_abnormality_suspected
TX-1,2026-07-08T11:30:00Z,44638.177822,-82.015684,-33.256118,HV,insulation_related_abnormality_suspected
TX-1,2026-07-08T11:30:00Z,45655.299251,-82.213035,-34.153358,HV,insulation_related_abnormality_suspected
TX-1,2026-07-08T11:30:00Z,46695.596715,-82.102319,-36.411807,HV,insulation_related_abnormality_suspected
TX-1,2026-07-08T11:30:00Z,47759.598302,-82.639375,-39.108193,HV,insulation_related_abnormality_suspected
TX-1,2026-07-08T11:30:00Z,48847.844132,-83.068747,-40.899796,HV,insulation_related_abnormality_suspected
TX-1,2026-07-08T11:30:00Z,49960.886632,-82.690313,-42.857826,HV,insulation_related_abnormality_suspected
TX-1,2026-07-08T11:30:00Z,51099.290816,-83.166041,-45.195648,HV,insulation_related_abnormality_suspected
TX-1,2026-07-08T11:30:00Z,52263.634573,-83.251886,-47.665385,HV,insulation_related_abnormality_suspected
TX-1,2026-07-08T11:30:00Z,53454.508961,-83.247059,-50.033691,HV,insulation_related_abnormality_suspected
TX-1,2026-07-08T11:30:00Z,54672.518503,-83.864436,-52.672808,HV,insulation_related_abnormality_suspected
TX-1,2026-07-08T11:30:00Z,55918.281499,-83.998015,-54.513891,HV,insulation_related_abnormality_suspected
TX-1,2026-07-08T11:30:00Z,57192.430337,-84.242524,-57.413295,HV,insulation_related_abnormality_suspected
TX-1,2026-07-08T11:30:00Z,58495.611813,-84.319672,-59.462767,HV,insulation_related_abnormality_suspected
TX-1,2026-07-08T11:30:00Z,59828.487462,-84.33918,-60.615637,HV,insulation_related_abnormality_suspected
TX-1,2026-07-08T11:30:00Z,61191.733895,-84.537559,-62.782475,HV,insulation_related_abnormality_suspected
TX-1,2026-07-08T11:30:00Z,62586.043135,-84.792364,-63.012478,HV,insulation_related_abnormality_suspected
TX-1,2026-07-08T11:30:00Z,64012.122978,-85.269891,-63.745358,HV,insulation_related_abnormality_suspected
TX-1,2026-07-08T11:30:00Z,65470.697346,-85.635149,-64.072263,HV,insulation_related_abnormality_suspected
TX-1,2026-07-08T11:30:00Z,66962.506655,-85.517487,-63.217411,HV,insulation_related_abnormality_suspected
TX-1,2026-07-08T11:30:00Z,68488.308195,-85.839558,-63.569891,HV,insulation_related_abnormality_suspected
TX-1,2026-07-08T11:30:00Z,70048.876509,-85.94891,-61.622611,HV,insulation_related_abnormality_suspected
TX-1,2026-07-08T11:30:00Z,71645.003789,-86.167094,-61.360077,HV,insulation_related_abnormality_suspected
TX-1,2026-07-08T11:30:00Z,73277.500279,-86.511366,-60.351564,HV,insulation_related_abnormality_suspected
TX-1,2026-07-08T11:30:00Z,74947.194685,-86.682486,-58.19018,HV,insulation_related_abnormality_suspected
TX-1,2026-07-08T11:30:00Z,76654.934594,-87.030707,-56.898188,HV,insulation_related_abnormality_suspected
TX-1,2026-07-08T11:30:00Z,78401.586909,-87.257772,-54.960333,HV,insulation_related_abnormality_suspected
TX-1,2026-07-08T11:30:00Z,80188.038283,-87.718171,-52.707747,HV,insulation_related_abnormality_suspected
TX-1,2026-07-08T11:30:00Z,82015.195574,-87.916934,-50.938801,HV,insulation_related_abnormality_suspected
TX-1,2026-07-08T11:30:00Z,83883.986304,-88.139629,-49.862038,HV,insulation_related_abnormality_suspected
TX-1,2026-07-08T11:30:00Z,85795.359128,-88.326111,-47.893364,HV,insulation_related_abnormality_suspected
TX-1,2026-07-08T11:30:00Z,87750.284318,-88.788417,-46.781899,HV,insulation_related_abnormality_suspected
TX-1,2026-07-08T11:30:00Z,89749.754254,-88.930668,-45.957864,HV,insulation_related_abnormality_suspected
TX-1,2026-07-08T11:30:00Z,91794.78393,-89.326711,-45.977893,HV,insulation_related_abnormality_suspected
TX-1,2026-07-08T11:30:00Z,93886.411463,-89.580128,-45.698286,HV,insulation_related_abnormality_suspected
TX-1,2026-07-08T11:30:00Z,96025.698631,-89.710556,-47.460735,HV,insulation_related_abnormality_suspected
TX-1,2026-07-08T11:30:00Z,98213.731399,-90.402409,-47.711683,HV,insulation_related_abnormality_suspected
TX-1,2026-07-08T11:30:00Z,100451.620482,-90.561518,-49.205818,HV,insulation_related_abnormality_suspected
TX-1,2026-07-08T11:30:00Z,102740.5019,-90.847265,-50.458049,HV,insulation_related_abnormality_suspected
TX-1,2026-07-08T11:30:00Z,105081.53756,-91.226336,-52.714672,HV,insulation_related_abnormality_suspected
TX-1,2026-07-08T11:30:00Z,107475.915845,-91.222052,-54.816686,HV,insulation_related_abnormality_suspected
TX-1,2026-07-08T11:30:00Z,109924.852213,-91.243794,-56.4857,HV,insulation_related_abnormality_suspected
TX-1,2026-07-08T11:30:00Z,112429.589821,-91.625967,-59.951622,HV,insulation_related_abnormality_suspected
TX-1,2026-07-08T11:30:00Z,114991.400151,-91.771002,-62.44709,HV,insulation_related_abnormality_suspected
TX-1,2026-07-08T11:30:00Z,117611.583656,-91.844459,-65.4416,HV,insulation_related_abnormality_suspected
TX-1,2026-07-08T11:30:00Z,120291.470423,-92.004966,-67.984258,HV,insulation_related_abnormality_suspected
TX-1,2026-07-08T11:30:00Z,123032.420843,-92.399291,-70.531836,HV,insulation_related_abnormality_suspected
TX-1,2026-07-08T11:30:00Z,125835.826309,-92.358681,-72.656504,HV,insulation_related_abnormality_suspected
TX-1,2026-07-08T11:30:00Z,128703.109915,-92.708227,-74.387524,HV,insulation_related_abnormality_suspected
TX-1,2026-07-08T11:30:00Z,131635.727182,-92.995105,-75.871457,HV,insulation_related_abnormality_suspected
TX-1,2026-07-08T11:30:00Z,134635.166797,-93.092882,-77.695295,HV,insulation_related_abnormality_suspected
TX-1,2026-07-08T11:30:00Z,137702.951369,-93.346532,-78.448829,HV,insulation_related_abnormality_suspected
TX-1,2026-07-08T11:30:00Z,140840.638199,-93.364697,-79.565072,HV,insulation_related_abnormality_suspected
TX-1,2026-07-08T11:30:00Z,144049.820073,-93.378365,-79.106072,HV,insulation_related_abnormality_suspected
TX-1,2026-07-08T11:30:00Z,147332.126071,-93.283409,-78.212733,HV,insulation_related_abnormality_suspected
TX-1,2026-07-08T11:30:00Z,150689.222393,-93.211225,-77.331695,HV,insulation_related_abnormality_suspected
TX-1,2026-07-08T11:30:00Z,154122.813205,-93.728255,-76.286957,HV,insulation_related_abnormality_suspected
TX-1,2026-07-08T11:30:00Z,157634.641501,-93.499943,-74.360246,HV,insulation_related_abnormality_suspected
TX-1,2026-07-08T11:30:00Z,161226.489996,-93.739474,-72.567834,HV,insulation_related_abnormality_suspected
TX-1,2026-07-08T11:30:00Z,164900.182021,-93.523602,-70.105272,HV,insulation_related_abnormality_suspected
TX-1,2026-07-08T11:30:00Z,168657.582456,-93.613148,-68.13591,HV,insulation_related_abnormality_suspected
TX-1,2026-07-08T11:30:00Z,172500.598672,-93.854508,-65.983348,HV,insulation_related_abnormality_suspected
TX-1,2026-07-08T11:30:00Z,176431.181504,-93.415234,-63.300101,HV,insulation_related_abnormality_suspected
TX-1,2026-07-08T11:30:00Z,180451.326237,-93.608629,-62.284947,HV,insulation_related_abnormality_suspected
TX-1,2026-07-08T11:30:00Z,184563.073618,-93.550794,-58.801321,HV,insulation_related_abnormality_suspected
TX-1,2026-07-08T11:30:00Z,188768.510899,-93.574122,-58.492905,HV,insulation_related_abnormality_suspected
TX-1,2026-07-08T11:30:00Z,193069.772888,-93.445619,-56.106013,HV,insulation_related_abnormality_suspected
TX-1,2026-07-08T11:30:00Z,197469.043039,-93.208769,-53.980614,HV,insulation_related_abnormality_suspected
TX-1,2026-07-08T11:30:00Z,201968.554556,-93.219312,-53.123267,HV,insulation_related_abnormality_suspected
TX-1,2026-07-08T11:30:00Z,206570.59153,-93.052972,-53.374756,HV,insulation_related_abnormality_suspected
TX-1,2026-07-08T11:30:00Z,211277.490097,-92.953613,-53.25354,HV,insulation_related_abnormality_suspected
TX-1,2026-07-08T11:30:00Z,216091.639624,-92.710655,-52.949599,HV,insulation_related_abnormality_suspected
TX-1,2026-07-08T11:30:00Z,221015.48392,-92.857209,-54.68327,HV,insulation_related_abnormality_suspected
TX-1,2026-07-08T11:30:00Z,226051.522481,-92.921519,-55.02556,HV,insulation_related_abnormality_suspected
TX-1,2026-07-08T11:30:00Z,231202.311755,-92.432259,-57.762954,HV,insulation_related_abnormality_suspected
TX-1,2026-07-08T11:30:00Z,236470.466442,-92.533566,-59.797728,HV,insulation_related_abnormality_suspected
TX-1,2026-07-08T11:30:00Z,241858.660818,-92.208297,-61.814394,HV,insulation_related_abnormality_suspected
TX-1,2026-07-08T11:30:00Z,247369.630098,-92.210753,-65.143568,HV,insulation_related_abnormality_suspected
TX-1,2026-07-08T11:30:00Z,253006.171818,-92.18281,-68.492711,HV,insulation_related_abnormality_suspected
TX-1,2026-07-08T11:30:00Z,258771.147262,-92.008767,-71.114189,HV,insulation_related_abnormality_suspected
TX-1,2026-07-08T11:30:00Z,264667.482908,-91.670371,-74.065457,HV,insulation_related_abnormality_suspected
TX-1,2026-07-08T11:30:00Z,270698.171917,-91.558316,-77.500476,HV,insulation_related_abnormality_suspected
TX-1,2026-07-08T11:30:00Z,276866.275653,-91.772062,-79.805692,HV,insulation_related_abnormality_suspected
TX-1,2026-07-08T11:30:00Z,283174.925236,-91.677643,-82.522703,HV,insulation_related_abnormality_suspected
TX-1,2026-07-08T11:30:00Z,289627.323131,-91.466816,-84.088057,HV,insulation_related_abnormality_suspected
TX-1,2026-07-08T11:30:00Z,296226.744772,-91.689791,-86.330818,HV,insulation_related_abnormality_suspected
TX-1,2026-07-08T11:30:00Z,302976.54023,-91.456461,-87.956173,HV,insulation_related_abnormality_suspected
TX-1,2026-07-08T11:30:00Z,309880.135908,-91.463189,-88.964711,HV,insulation_related_abnormality_suspected
TX-1,2026-07-08T11:30:00Z,316941.036285,-91.37508,-89.475809,HV,insulation_related_abnormality_suspected
TX-1,2026-07-08T11:30:00Z,324162.825691,-91.520488,-89.521752,HV,insulation_related_abnormality_suspected
TX-1,2026-07-08T11:30:00Z,331549.170129,-91.618122,-89.94356,HV,insulation_related_abnormality_suspected
TX-1,2026-07-08T11:30:00Z,339103.819134,-91.686082,-89.332338,HV,insulation_related_abnormality_suspected
TX-1,2026-07-08T11:30:00Z,346830.607678,-91.549715,-87.48083,HV,insulation_related_abnormality_suspected
TX-1,2026-07-08T11:30:00Z,354733.458119,-91.469618,-86.779653,HV,insulation_related_abnormality_suspected
TX-1,2026-07-08T11:30:00Z,362816.382185,-91.475376,-85.618878,HV,insulation_related_abnormality_suspected
TX-1,2026-07-08T11:30:00Z,371083.483018,-91.183327,-83.126296,HV,insulation_related_abnormality_suspected
TX-1,2026-07-08T11:30:00Z,379538.957253,-91.362444,-81.259573,HV,insulation_related_abnormality_suspected
TX-1,2026-07-08T11:30:00Z,388187.09715,-91.738917,-80.166857,HV,insulation_related_abnormality_suspected
TX-1,2026-07-08T11:30:00Z,397032.292769,-91.620374,-77.621602,HV,insulation_related_abnormality_suspected
TX-1,2026-07-08T11:30:00Z,406079.034205,-91.82295,-75.706759,HV,insulation_related_abnormality_suspected
TX-1,2026-07-08T11:30:00Z,415331.913862,-91.905027,-74.343693,HV,insulation_related_abnormality_suspected
TX-1,2026-07-08T11:30:00Z,424795.628787,-91.94581,-73.008153,HV,insulation_related_abnormality_suspected
TX-1,2026-07-08T11:30:00Z,434474.983053,-92.002282,-72.927278,HV,insulation_related_abnormality_suspected
TX-1,2026-07-08T11:30:00Z,444374.890199,-92.277408,-71.726937,HV,insulation_related_abnormality_suspected
TX-1,2026-07-08T11:30:00Z,454500.375721,-92.207556,-71.903673,HV,insulation_related_abnormality_suspected
TX-1,2026-07-08T11:30:00Z,464856.579628,-92.687676,-72.355858,HV,insulation_related_abnormality_suspected
TX-1,2026-07-08T11:30:00Z,475448.759049,-92.672658,-72.664977,HV,insulation_related_abnormality_suspected
TX-1,2026-07-08T11:30:00Z,486282.290899,-92.448443,-73.74147,HV,insulation_related_abnormality_suspected
TX-1,2026-07-08T11:30:00Z,497362.674612,-92.975626,-75.389799,HV,insulation_related_abnormality_suspected
TX-1,2026-07-08T11:30:00Z,508695.534934,-92.970821,-77.781354,HV,insulation_related_abnormality_suspected
TX-1,2026-07-08T11:30:00Z,520286.624772,-93.353693,-80.934211,HV,insulation_related_abnormality_suspected
TX-1,2026-07-08T11:30:00Z,532141.828121,-93.465981,-83.661771,HV,insulation_related_abnormality_suspected
TX-1,2026-07-08T11:30:00Z,544267.163047,-93.750488,-86.674236,HV,insulation_related_abnormality_suspected
TX-1,2026-07-08T11:30:00Z,556668.784744,-93.958724,-90.304037,HV,insulation_related_abnormality_suspected
TX-1,2026-07-08T11:30:00Z,569352.988656,-94.242714,-93.78707,HV,insulation_related_abnormality_suspected
TX-1,2026-07-08T11:30:00Z,582326.213675,-94.254426,-97.030343,HV,insulation_related_abnormality_suspected
TX-1,2026-07-08T11:30:00Z,595595.045412,-94.639551,-100.854793,HV,insulation_related_abnormality_suspected
TX-1,2026-07-08T11:30:00Z,609166.219531,-94.603631,-104.463378,HV,insulation_related_abnormality_suspected
TX-1,2026-07-08T11:30:00Z,623046.625181,-94.730268,-107.469864,HV,insulation_related_abnormality_suspected
TX-1,2026-07-08T11:30:00Z,637243.308482,-95.024785,-109.903495,HV,insulation_related_abnormality_suspected
TX-1,2026-07-08T11:30:00Z,651763.476107,-95.305714,-112.666602,HV,insulation_related_abnormality_suspected
TX-1,2026-07-08T11:30:00Z,666614.498941,-95.373227,-114.64774,HV,insulation_related_abnormality_suspected
TX-1,2026-07-08T11:30:00Z,681803.91582,-95.660969,-116.196565,HV,insulation_related_abnormality_suspected
TX-1,2026-07-08T11:30:00Z,697339.437361,-95.641792,-117.832678,HV,insulation_related_abnormality_suspected
TX-1,2026-07-08T11:30:00Z,713228.949871,-96.217757,-118.122357,HV,insulation_related_abnormality_suspected
TX-1,2026-07-08T11:30:00Z,729480.519357,-96.147185,-118.540358,HV,insulation_related_abnormality_suspected
TX-1,2026-07-08T11:30:00Z,746102.395616,-96.541604,-118.993034,HV,insulation_related_abnormality_suspected
TX-1,2026-07-08T11:30:00Z,763103.016424,-96.605244,-117.298622,HV,insulation_related_abnormality_suspected
TX-1,2026-07-08T11:30:00Z,780491.01182,-96.305861,-117.06341,HV,insulation_related_abnormality_suspected
TX-1,2026-07-08T11:30:00Z,798275.208485,-96.496725,-116.177306,HV,insulation_related_abnormality_suspected
TX-1,2026-07-08T11:30:00Z,816464.634226,-96.850314,-114.313346,HV,insulation_related_abnormality_suspected
TX-1,2026-07-08T11:30:00Z,835068.522554,-97.069778,-112.482902,HV,insulation_related_abnormality_suspected
TX-1,2026-07-08T11:30:00Z,854096.317377,-97.381575,-110.108706,HV,insulation_related_abnormality_suspected
TX-1,2026-07-08T11:30:00Z,873557.677789,-97.101334,-108.25023,HV,insulation_related_abnormality_suspected
TX-1,2026-07-08T11:30:00Z,893462.482976,-96.730092,-106.3234,HV,insulation_related_abnormality_suspected
TX-1,2026-07-08T11:30:00Z,913820.837229,-97.091779,-104.104688,HV,insulation_related_abnormality_suspected
TX-1,2026-07-08T11:30:00Z,934643.075077,-97.295475,-102.571273,HV,insulation_related_abnormality_suspected
TX-1,2026-07-08T11:30:00Z,955939.766528,-97.187203,-101.194469,HV,insulation_related_abnormality_suspected
TX-1,2026-07-08T11:30:00Z,977721.722438,-97.527732,-100.089194,HV,insulation_related_abnormality_suspected
TX-1,2026-07-08T11:30:00Z,1000000.0,-97.366375,-99.306494,HV,insulation_related_abnormality_suspected
